{"cameraMode":{"drawMode":0,"name":"Shaded","section":"Shading Mode"},"sceneLighting":false,"audioPlay":false,"sceneViewState":{"m_AlwaysRefresh":false,"showFog":true,"showSkybox":false,"showFlares":true,"showImageEffects":true,"showParticleSystems":true,"showVisualEffectGraphs":true,"m_FxEnabled":true},"in2DMode":false,"pivot":{"x":-1.3403470516204835,"y":1.8980962038040162,"z":-1.5012469291687012},"rotation":{"x":0.0071159591898322109,"y":-0.9609350562095642,"z":0.024810001254081727,"w":0.2759998142719269},"size":3.0205612182617189,"orthographic":false}