{"cameraMode":{"drawMode":0,"name":"Shaded","section":"Shading Mode"},"sceneLighting":false,"audioPlay":false,"sceneViewState":{"m_AlwaysRefresh":false,"showFog":true,"showSkybox":false,"showFlares":true,"showImageEffects":true,"showParticleSystems":true,"showVisualEffectGraphs":true,"m_FxEnabled":true},"in2DMode":false,"pivot":{"x":-0.26672932505607607,"y":1.222898244857788,"z":-1.1233537197113038},"rotation":{"x":-0.01291404478251934,"y":0.971747636795044,"z":-0.23040664196014405,"w":-0.05409339442849159},"size":1.3118784427642823,"orthographic":false}