{"cameraMode":{"drawMode":0,"name":"Shaded","section":"Shading Mode"},"sceneLighting":false,"audioPlay":false,"sceneViewState":{"m_AlwaysRefresh":false,"showFog":true,"showSkybox":false,"showFlares":true,"showImageEffects":true,"showParticleSystems":true,"showVisualEffectGraphs":true,"m_FxEnabled":true},"in2DMode":false,"pivot":{"x":-1.409220576286316,"y":0.8098025918006897,"z":0.3108293116092682},"rotation":{"x":0.07407848536968231,"y":0.6674959659576416,"z":0.06724243611097336,"w":-0.7381869554519653},"size":1.5644394159317017,"orthographic":false}