{"cameraMode":{"drawMode":0,"name":"Shaded","section":"Shading Mode"},"sceneLighting":false,"audioPlay":false,"sceneViewState":{"m_AlwaysRefresh":false,"showFog":true,"showSkybox":false,"showFlares":true,"showImageEffects":true,"showParticleSystems":true,"showVisualEffectGraphs":true,"m_FxEnabled":true},"in2DMode":false,"pivot":{"x":0.15726041793823243,"y":2.5141115188598635,"z":0.19159522652626038},"rotation":{"x":-0.23291781544685365,"y":-0.7125877141952515,"z":0.27583712339401247,"w":-0.601793110370636},"size":1.874714732170105,"orthographic":false}