{"cameraMode":{"drawMode":0,"name":"Shaded","section":"Shading Mode"},"sceneLighting":false,"audioPlay":false,"sceneViewState":{"m_AlwaysRefresh":false,"showFog":false,"showSkybox":false,"showFlares":false,"showImageEffects":false,"showParticleSystems":false,"showVisualEffectGraphs":true,"m_FxEnabled":true},"in2DMode":false,"pivot":{"x":0.000010609626770019531,"y":0.9096741676330566,"z":-0.042852580547332767},"rotation":{"x":0.14027422666549684,"y":-0.6667066216468811,"z":0.12985827028751374,"w":0.7205864787101746},"size":1.1788843870162964,"orthographic":false}