{"cameraMode":{"drawMode":0,"name":"Shaded","section":"Shading Mode"},"sceneLighting":false,"audioPlay":false,"sceneViewState":{"m_AlwaysRefresh":false,"showFog":true,"showSkybox":false,"showFlares":true,"showImageEffects":true,"showParticleSystems":true,"showVisualEffectGraphs":true,"m_FxEnabled":true},"in2DMode":false,"pivot":{"x":0.000010609626770019531,"y":0.9096741676330566,"z":-0.042852580547332767},"rotation":{"x":0.025608621537685396,"y":-0.9508575201034546,"z":0.08180274069309235,"w":0.2980031371116638},"size":1.1788843870162964,"orthographic":false}