{"cameraMode":{"drawMode":0,"name":"Shaded","section":"Shading Mode"},"sceneLighting":false,"audioPlay":false,"sceneViewState":{"m_AlwaysRefresh":false,"showFog":true,"showSkybox":false,"showFlares":true,"showImageEffects":true,"showParticleSystems":true,"showVisualEffectGraphs":true,"m_FxEnabled":true},"in2DMode":false,"pivot":{"x":9.5367431640625e-7,"y":0.00009053200483322144,"z":-0.09190988540649414},"rotation":{"x":0.26413866877555849,"y":0.01949678361415863,"z":-0.005419470835477114,"w":0.9644950032234192},"size":14.142499923706055,"orthographic":false}