{"cameraMode":{"drawMode":0,"name":"Shaded","section":"Shading Mode"},"sceneLighting":false,"audioPlay":false,"sceneViewState":{"m_AlwaysRefresh":false,"showFog":true,"showSkybox":false,"showFlares":true,"showImageEffects":true,"showParticleSystems":true,"showVisualEffectGraphs":true,"m_FxEnabled":true},"in2DMode":false,"pivot":{"x":0.00007009506225585938,"y":0.8283934593200684,"z":0.12795627117156983},"rotation":{"x":0.23369187116622926,"y":-0.008599048480391503,"z":0.0019448507810011507,"w":0.9725664258003235},"size":1.379847764968872,"orthographic":false}