{"cameraMode":{"drawMode":0,"name":"Shaded","section":"Shading Mode"},"sceneLighting":false,"audioPlay":false,"sceneViewState":{"m_AlwaysRefresh":false,"showFog":true,"showSkybox":false,"showFlares":true,"showImageEffects":true,"showParticleSystems":true,"showVisualEffectGraphs":true,"m_FxEnabled":true},"in2DMode":false,"pivot":{"x":21.313907623291017,"y":17.140125274658204,"z":11.919068336486817},"rotation":{"x":0.19773982465267182,"y":-0.7941561937332153,"z":0.337970107793808,"w":0.46486377716064455},"size":3.0396039485931398,"orthographic":false}