{"cameraMode":{"drawMode":0,"name":"Shaded","section":"Shading Mode"},"sceneLighting":false,"audioPlay":false,"sceneViewState":{"m_AlwaysRefresh":false,"showFog":true,"showSkybox":false,"showFlares":true,"showImageEffects":true,"showParticleSystems":true,"showVisualEffectGraphs":true,"m_FxEnabled":true},"in2DMode":false,"pivot":{"x":-26.411468505859376,"y":1.4489893913269044,"z":15.119205474853516},"rotation":{"x":-0.12024707347154618,"y":-0.6186295747756958,"z":0.09652718901634217,"w":-0.7704467177391052},"size":6.8074164390563969,"orthographic":false}