{"cameraMode":{"drawMode":0,"name":"Shaded","section":"Shading Mode"},"sceneLighting":false,"audioPlay":false,"sceneViewState":{"m_AlwaysRefresh":false,"showFog":true,"showSkybox":false,"showFlares":true,"showImageEffects":true,"showParticleSystems":true,"showVisualEffectGraphs":true,"m_FxEnabled":true},"in2DMode":false,"pivot":{"x":1.0171161890029908,"y":-0.9176182746887207,"z":-23.575096130371095},"rotation":{"x":-0.0006000900757499039,"y":-0.9989848136901856,"z":0.04679637402296066,"w":-0.011279887519776822},"size":12.762554168701172,"orthographic":false}