{"cameraMode":{"drawMode":0,"name":"Shaded","section":"Shading Mode"},"sceneLighting":false,"audioPlay":false,"sceneViewState":{"m_AlwaysRefresh":false,"showFog":true,"showSkybox":false,"showFlares":true,"showImageEffects":true,"showParticleSystems":true,"showVisualEffectGraphs":true,"m_FxEnabled":true},"in2DMode":false,"pivot":{"x":429.1785583496094,"y":-0.30039846897125246,"z":-2.7194864749908449},"rotation":{"x":-0.008274958468973637,"y":0.9861253499984741,"z":-0.1599654108285904,"w":-0.05085831508040428},"size":2.046201229095459,"orthographic":false}