{"cameraMode":{"drawMode":0,"name":"Shaded","section":"Shading Mode"},"sceneLighting":false,"audioPlay":false,"sceneViewState":{"m_AlwaysRefresh":false,"showFog":true,"showSkybox":false,"showFlares":true,"showImageEffects":true,"showParticleSystems":true,"showVisualEffectGraphs":true,"m_FxEnabled":true},"in2DMode":false,"pivot":{"x":-4.009312629699707,"y":-0.9820404052734375,"z":28.138341903686525},"rotation":{"x":-0.0067879147827625278,"y":0.8098830580711365,"z":0.009518321603536606,"w":0.586667537689209},"size":1.8747148513793946,"orthographic":false}