{"cameraMode":{"drawMode":0,"name":"Shaded","section":"Shading Mode"},"sceneLighting":false,"audioPlay":false,"sceneViewState":{"m_AlwaysRefresh":false,"showFog":true,"showSkybox":false,"showFlares":true,"showImageEffects":true,"showParticleSystems":true,"showVisualEffectGraphs":true,"m_FxEnabled":true},"in2DMode":false,"pivot":{"x":-2.9282925128936769,"y":2.0634799003601076,"z":-6.533986568450928},"rotation":{"x":-0.30813559889793398,"y":-0.05975790321826935,"z":0.019259385764598848,"w":-0.9494436383247376},"size":1.0467090606689454,"orthographic":false}