{"cameraMode":{"drawMode":0,"name":"Shaded","section":"Shading Mode"},"sceneLighting":false,"audioPlay":false,"sceneViewState":{"m_AlwaysRefresh":false,"showFog":true,"showSkybox":false,"showFlares":true,"showImageEffects":true,"showParticleSystems":true,"showVisualEffectGraphs":true,"m_FxEnabled":true},"in2DMode":false,"pivot":{"x":56.26604080200195,"y":4.294500350952148,"z":61.185787200927737},"rotation":{"x":0.23215262591838838,"y":-0.027567991986870767,"z":0.006458611693233252,"w":0.9725677371025086},"size":112.89851379394531,"orthographic":false}