{"cameraMode":{"drawMode":0,"name":"Shaded","section":"Shading Mode"},"sceneLighting":false,"audioPlay":false,"sceneViewState":{"m_AlwaysRefresh":false,"showFog":true,"showSkybox":false,"showFlares":true,"showImageEffects":true,"showParticleSystems":true,"showVisualEffectGraphs":true,"m_FxEnabled":true},"in2DMode":false,"pivot":{"x":1.7260328531265259,"y":-4.940230846405029,"z":-10.377446174621582},"rotation":{"x":-0.012180587276816368,"y":-0.9694581031799316,"z":0.24064330756664277,"w":-0.048782601952552798},"size":7.539599418640137,"orthographic":false}