{"cameraMode":{"drawMode":0,"name":"Shaded","section":"Shading Mode"},"sceneLighting":false,"audioPlay":false,"sceneViewState":{"m_AlwaysRefresh":false,"showFog":true,"showSkybox":false,"showFlares":true,"showImageEffects":true,"showParticleSystems":true,"showVisualEffectGraphs":true,"m_FxEnabled":true},"in2DMode":false,"pivot":{"x":-33.51103591918945,"y":0.4883328080177307,"z":4.041527271270752},"rotation":{"x":-0.005866452120244503,"y":-0.9763661623001099,"z":0.21455402672290803,"w":-0.026621542870998384},"size":2.3359787464141847,"orthographic":false}