{"cameraMode":{"drawMode":0,"name":"Shaded","section":"Shading Mode"},"sceneLighting":false,"audioPlay":false,"sceneViewState":{"m_AlwaysRefresh":false,"showFog":true,"showSkybox":false,"showFlares":true,"showImageEffects":true,"showParticleSystems":true,"showVisualEffectGraphs":true,"m_FxEnabled":true},"in2DMode":false,"pivot":{"x":0.27721625566482546,"y":1.0649960041046143,"z":1.4606549739837647},"rotation":{"x":0.01755877584218979,"y":0.9606371521949768,"z":-0.2708393931388855,"w":0.06191084906458855},"size":1.0467090606689454,"orthographic":false}