{"cameraMode":{"drawMode":0,"name":"Shaded","section":"Shading Mode"},"sceneLighting":false,"audioPlay":false,"sceneViewState":{"m_AlwaysRefresh":false,"showFog":true,"showSkybox":false,"showFlares":true,"showImageEffects":true,"showParticleSystems":true,"showVisualEffectGraphs":true,"m_FxEnabled":true},"in2DMode":false,"pivot":{"x":58.560325622558597,"y":-1.1075363159179688,"z":58.40304183959961},"rotation":{"x":0.25402823090553286,"y":-0.018710670992732049,"z":0.004791787825524807,"w":0.9673061370849609},"size":68.03388977050781,"orthographic":false}