{"cameraMode":{"drawMode":0,"name":"Shaded","section":"Shading Mode"},"sceneLighting":false,"audioPlay":false,"sceneViewState":{"m_AlwaysRefresh":false,"showFog":true,"showSkybox":false,"showFlares":true,"showImageEffects":true,"showParticleSystems":true,"showVisualEffectGraphs":true,"m_FxEnabled":true},"in2DMode":false,"pivot":{"x":-0.015066981315612793,"y":1.1999998092651368,"z":5.799860000610352},"rotation":{"x":0.03599714860320091,"y":-0.9408789277076721,"z":0.10667548328638077,"w":0.3198833167552948},"size":1.4361406564712525,"orthographic":false}