{"cameraMode":{"drawMode":0,"name":"Shaded","section":"Shading Mode"},"sceneLighting":false,"audioPlay":false,"sceneViewState":{"m_AlwaysRefresh":false,"showFog":true,"showSkybox":false,"showFlares":true,"showImageEffects":true,"showParticleSystems":true,"showVisualEffectGraphs":true,"m_FxEnabled":true},"in2DMode":false,"pivot":{"x":0.6440610289573669,"y":2.4444618225097658,"z":1.6578526496887208},"rotation":{"x":0.04411686584353447,"y":-0.9542560577392578,"z":0.1753905713558197,"w":0.23909913003444673},"size":0.1902824193239212,"orthographic":false}