{"cameraMode":{"drawMode":0,"name":"Shaded","section":"Shading Mode"},"sceneLighting":false,"audioPlay":false,"sceneViewState":{"m_AlwaysRefresh":false,"showFog":true,"showSkybox":false,"showFlares":true,"showImageEffects":true,"showParticleSystems":true,"showVisualEffectGraphs":true,"m_FxEnabled":true},"in2DMode":false,"pivot":{"x":0.00007009506225585938,"y":0.9800000786781311,"z":0.0877826064825058},"rotation":{"x":0.29000425338745119,"y":0.031727384775877,"z":-0.009765761904418469,"w":0.9567595720291138},"size":1.5099523067474366,"orthographic":false}