{"cameraMode":{"drawMode":0,"name":"Shaded","section":"Shading Mode"},"sceneLighting":false,"audioPlay":false,"sceneViewState":{"m_AlwaysRefresh":false,"showFog":true,"showSkybox":false,"showFlares":true,"showImageEffects":true,"showParticleSystems":true,"showVisualEffectGraphs":true,"m_FxEnabled":true},"in2DMode":false,"pivot":{"x":-0.000017984748410526663,"y":9.070718078874052e-7,"z":0.000005114437954034656},"rotation":{"x":-0.03300100564956665,"y":0.9531735777854919,"z":-0.11232328414916992,"w":-0.27971115708351138},"size":0.000017320508050033823,"orthographic":false}