{"cameraMode":{"drawMode":0,"name":"Shaded","section":"Shading Mode"},"sceneLighting":false,"audioPlay":false,"sceneViewState":{"m_AlwaysRefresh":false,"showFog":true,"showSkybox":false,"showFlares":true,"showImageEffects":true,"showParticleSystems":true,"showVisualEffectGraphs":true,"m_FxEnabled":true},"in2DMode":false,"pivot":{"x":-2.086162567138672e-7,"y":0.4711618423461914,"z":-0.019678644835948945},"rotation":{"x":-0.18586482107639314,"y":-0.2289833128452301,"z":0.04483359679579735,"w":-0.9548122882843018},"size":0.549971878528595,"orthographic":false}