{"cameraMode":{"drawMode":0,"name":"Shaded","section":"Shading Mode"},"sceneLighting":false,"audioPlay":false,"sceneViewState":{"m_AlwaysRefresh":false,"showFog":true,"showSkybox":false,"showFlares":true,"showImageEffects":true,"showParticleSystems":true,"showVisualEffectGraphs":true,"m_FxEnabled":true},"in2DMode":false,"pivot":{"x":-3.4100699424743654,"y":1.873293399810791,"z":-6.592292785644531},"rotation":{"x":0.43259549140930178,"y":0.01638137921690941,"z":-0.007906672544777394,"w":0.9017218947410584},"size":1.3798476457595826,"orthographic":false}