{"cameraMode":{"drawMode":0,"name":"Shaded","section":"Shading Mode"},"sceneLighting":false,"audioPlay":false,"sceneViewState":{"m_AlwaysRefresh":false,"showFog":true,"showSkybox":false,"showFlares":true,"showImageEffects":true,"showParticleSystems":true,"showVisualEffectGraphs":true,"m_FxEnabled":true},"in2DMode":false,"pivot":{"x":-0.000766456127166748,"y":0.15460875630378724,"z":-0.03308430314064026},"rotation":{"x":0.006432208698242903,"y":-0.9929066896438599,"z":0.10043715685606003,"w":0.06387253850698471},"size":0.5138090252876282,"orthographic":false}